{
"dispute_type" : 1,
"dispute_sub_type" : 4,
"dispute_reason_data" : {
  "dispute_reason" : "2",
    "dispute_subreason" : "4"
   },
 "dispute_amount" : {
    "currency" : "USD",
    "value" : "200"
},
"country_code" : "US",
"payment_info" : [{
  "buyer_payment_id" :"19260206",
  "encrypted_buyer_payment_id" :"8BU83581KS335281M",
  "seller_payment_id" : "19260207",
  "encrypted_seller_payment_id" :"6R0562630L351243L",
  "payment_date" :"2018-01-08T22:07:03Z",
  "payment_usd_amount" :"200",
  "payment_amount" :{
    "currency" : "USD",
      "value" : "200"
  },
    "funding_source_type":"1",
 "funding_transaction_id":"19270123"

}]

}